{
	"class_name" : "PinholeCameraParameters",
	"extrinsic" : 
	[
		0.018866897469180539,
		-0.65621570639512072,
		0.75433744893133892,
		0.0,
		-0.99981771810181919,
		-0.01017373266587732,
		0.016156290827863413,
		0.0,
		-0.0029275842530440714,
		-0.75450476595181037,
		-0.65628803692162885,
		0.0,
		-3.4932906153142183,
		3.9669414758819528,
		2.9707833439755538,
		1.0
	],
	"intrinsic" : 
	{
		"height" : 776,
		"intrinsic_matrix" : 
		[
			672.03571333672448,
			0.0,
			0.0,
			0.0,
			672.03571333672448,
			0.0,
			653.5,
			387.5,
			1.0
		],
		"width" : 1308
	},
	"version_major" : 1,
	"version_minor" : 0
}