{
	"class_name" : "PinholeCameraParameters",
	"extrinsic" : 
	[
		0.57720320463267938,
		-0.50317605826485656,
		0.64315652445637772,
		0.0,
		-0.81206937935892798,
		-0.27083468755855566,
		0.51690607959537993,
		0.0,
		-0.085905667271553826,
		-0.82064756528250382,
		-0.56494051892790254,
		0.0,
		0.018793928261146675,
		4.3512267715739661,
		-0.61900958511051796,
		1.0
	],
	"intrinsic" : 
	{
		"height" : 776,
		"intrinsic_matrix" : 
		[
			672.03571333672448,
			0.0,
			0.0,
			0.0,
			672.03571333672448,
			0.0,
			653.5,
			387.5,
			1.0
		],
		"width" : 1308
	},
	"version_major" : 1,
	"version_minor" : 0
}