{
	"class_name" : "PinholeCameraParameters",
	"extrinsic" : 
	[
		0.049606354589363369,
		-0.72616451082097866,
		0.68572903745465175,
		0.0,
		-0.99022738126530374,
		0.053841197584456317,
		0.1286501412169086,
		0.0,
		-0.13034163945882121,
		-0.68540953353947476,
		-0.71639711637916748,
		0.0,
		-0.80170826422399977,
		3.1690069874004214,
		5.7171008807257531,
		1.0
	],
	"intrinsic" : 
	{
		"height" : 776,
		"intrinsic_matrix" : 
		[
			672.03571333672448,
			0.0,
			0.0,
			0.0,
			672.03571333672448,
			0.0,
			653.5,
			387.5,
			1.0
		],
		"width" : 1308
	},
	"version_major" : 1,
	"version_minor" : 0
}