{
	"class_name" : "PinholeCameraParameters",
	"extrinsic" : 
	[
		-0.21776855779080048,
		-0.38481335079274626,
		0.89693675378444249,
		0.0,
		-0.97578226648245692,
		0.066411504796261081,
		-0.20841900213045758,
		0.0,
		0.020635495052803557,
		-0.92060208400934829,
		-0.38995638122945331,
		0.0,
		1.1789303333331353,
		4.0509088031639697,
		1.9247925585814256,
		1.0
	],
	"intrinsic" : 
	{
		"height" : 776,
		"intrinsic_matrix" : 
		[
			672.03571333672448,
			0.0,
			0.0,
			0.0,
			672.03571333672448,
			0.0,
			653.5,
			387.5,
			1.0
		],
		"width" : 1308
	},
	"version_major" : 1,
	"version_minor" : 0
}