{
	"class_name" : "PinholeCameraParameters",
	"extrinsic" : 
	[
		-0.10764218096795844,
		-0.6401380528794256,
		0.76068155895367884,
		0.0,
		-0.99400072856346966,
		0.084212753073628285,
		-0.069790857818568572,
		0.0,
		-0.019383304459065456,
		-0.7636304639519681,
		-0.64536253534951127,
		0.0,
		2.0903523590641937,
		7.1913361941249097,
		0.87007686508710602,
		1.0
	],
	"intrinsic" : 
	{
		"height" : 776,
		"intrinsic_matrix" : 
		[
			672.03571333672448,
			0.0,
			0.0,
			0.0,
			672.03571333672448,
			0.0,
			653.5,
			387.5,
			1.0
		],
		"width" : 1308
	},
	"version_major" : 1,
	"version_minor" : 0
}