{
	"class_name" : "PinholeCameraParameters",
	"extrinsic" : 
	[
		0.54217017047058391,
		-0.58898750581937287,
		0.59928726353942507,
		0.0,
		-0.83955583586310911,
		-0.35034025305356559,
		0.41522006882924156,
		0.0,
		-0.03460498114570229,
		-0.72825505496291476,
		-0.68443193248187051,
		0.0,
		-0.74730093635665129,
		4.503286493284743,
		0.44529370821620051,
		1.0
	],
	"intrinsic" : 
	{
		"height" : 776,
		"intrinsic_matrix" : 
		[
			672.03571333672448,
			0.0,
			0.0,
			0.0,
			672.03571333672448,
			0.0,
			653.5,
			387.5,
			1.0
		],
		"width" : 1308
	},
	"version_major" : 1,
	"version_minor" : 0
}