{
	"class_name" : "PinholeCameraParameters",
	"extrinsic" : 
	[
		-0.56863131344926154,
		-0.36599225486892617,
		0.73668724621845239,
		0.0,
		-0.8220074106536357,
		0.28659052894205694,
		-0.49210739229482953,
		0.0,
		-0.03102009341496173,
		-0.88539004856428738,
		-0.46381269463853186,
		0.0,
		1.7746482343294969,
		5.2614316346853238,
		3.4718751126885881,
		1.0
	],
	"intrinsic" : 
	{
		"height" : 776,
		"intrinsic_matrix" : 
		[
			672.03571333672448,
			0.0,
			0.0,
			0.0,
			672.03571333672448,
			0.0,
			653.5,
			387.5,
			1.0
		],
		"width" : 1308
	},
	"version_major" : 1,
	"version_minor" : 0
}